{
  "IcoMoonType": "selection",
  "icons": [
    {
      "icon": {
        "paths": [
          "M-0.068 358.4c2.303 62.897 16.216 121.954 39.648 175.921l-1.213-3.138c26.292 68.151 55.34 126.243 89.123 181.109l-2.697-4.708q47.787 78.029 109.227 160.836t85.197 111.548q23.962 28.877 38.434 43.213l38.366-40.96q36.045-43.213 88.747-116.053t105.609-156.058c33.238-51.549 63.496-110.834 87.659-173.158l2.317-6.792c21.591-50.555 35.065-109.233 37.183-170.796l0.023-0.827c0.029-1.664 0.046-3.626 0.046-5.593 0-97.268-40.491-185.078-105.536-247.496l-0.118-0.113c-63.29-64.468-151.357-104.425-248.757-104.425-1.971 0-3.938 0.016-5.901 0.049l0.295-0.004c-0.345-0.001-0.754-0.002-1.162-0.002-196.883 0-356.489 159.605-356.489 356.489 0 0.385 0.001 0.769 0.002 1.154l-0-0.060zM230.332 358.4c-0-0.041-0-0.089-0-0.137 0-70.165 56.88-127.044 127.044-127.044 0.072 0 0.144 0 0.216 0l-0.011-0c0.44-0.006 0.96-0.009 1.48-0.009 35.048 0 66.775 14.223 89.722 37.212l0.002 0.002c23.672 22.725 38.381 54.633 38.381 89.975s-14.708 67.25-38.338 89.935l-0.042 0.041c-22.908 22.99-54.599 37.215-89.612 37.215-0.56 0-1.119-0.004-1.677-0.011l0.085 0.001c-0.061 0-0.133 0-0.205 0-70.165 0-127.044-56.88-127.044-127.044 0-0.048 0-0.096 0-0.144l-0 0.007z"
        ],
        "attrs": [
          {
            "fill": "rgb(159, 157, 157)"
          }
        ],
        "width": 717,
        "isMulticolor": false,
        "isMulticolor2": false,
        "grid": 0,
        "tags": [
          "address-h"
        ],
        "colorPermutations": {
          "1141682211171171171159157157125525525519292921": [
            {
              "f": 3
            }
          ]
        }
      },
      "attrs": [
        {
          "fill": "rgb(159, 157, 157)"
        }
      ],
      "properties": {
        "order": 157,
        "id": 24,
        "name": "address-h",
        "prevSize": 32,
        "code": 59648
      },
      "setIdx": 0,
      "setId": 7,
      "iconIdx": 0
    },
    {
      "icon": {
        "paths": [
          "M828.146 390.42l-634.133 634.133-194.197-194.197 828.33-828.33 828.33 828.33-194.013 194.197z"
        ],
        "attrs": [
          {
            "fill": "rgb(92, 92, 92)"
          }
        ],
        "width": 1657,
        "isMulticolor": false,
        "isMulticolor2": false,
        "grid": 0,
        "tags": [
          "arrow-small"
        ],
        "colorPermutations": {
          "1141682211171171171159157157125525525519292921": [
            {
              "f": 0
            }
          ]
        }
      },
      "attrs": [
        {
          "fill": "rgb(92, 92, 92)"
        }
      ],
      "properties": {
        "order": 158,
        "id": 23,
        "name": "arrow-small",
        "prevSize": 32,
        "code": 59649
      },
      "setIdx": 0,
      "setId": 7,
      "iconIdx": 1
    },
    {
      "icon": {
        "paths": [
          "M0 1024h1197.559l-607.458-1024zM590.102 104.136l555.39 937.22s-408.906 21.868-408.906 13.711c0-12.496 47.382-83.135 44.431-83.135h-694.237z"
        ],
        "attrs": [
          {
            "fill": "rgb(114, 168, 22)"
          }
        ],
        "width": 1198,
        "isMulticolor": false,
        "isMulticolor2": false,
        "grid": 0,
        "tags": [
          "bg-top"
        ],
        "colorPermutations": {
          "1141682211171171171159157157125525525519292921": [
            {
              "f": 1
            }
          ]
        }
      },
      "attrs": [
        {
          "fill": "rgb(114, 168, 22)"
        }
      ],
      "properties": {
        "order": 159,
        "id": 22,
        "name": "bg-top",
        "prevSize": 32,
        "code": 59650
      },
      "setIdx": 0,
      "setId": 7,
      "iconIdx": 2
    },
    {
      "icon": {
        "paths": [
          "M512 0c-282.613 0.091-511.68 229.215-511.68 511.84 0 282.681 229.159 511.84 511.84 511.84s511.84-229.159 511.84-511.84c0-0.056-0-0.112-0-0.169l0 0.009c-0.346-282.566-229.408-511.516-511.984-511.68l-0.016-0zM639.296 529.92h-83.2v296.96h-123.392v-296.96h-58.656v-104.96h58.656v-67.84c-0.232-2.745-0.364-5.942-0.364-9.169 0-63.888 51.792-115.68 115.68-115.68 3.248 0 6.465 0.134 9.645 0.396l-0.417-0.028 91.392 0.32v101.76h-66.368c-0.386-0.021-0.837-0.033-1.291-0.033-13.856 0-25.088 11.232-25.088 25.088 0 1.208 0.085 2.396 0.25 3.559l-0.016-0.133v61.76h94.016z"
        ],
        "attrs": [
          {
            "fill": "rgb(255, 255, 255)"
          }
        ],
        "isMulticolor": false,
        "isMulticolor2": false,
        "grid": 0,
        "tags": [
          "fb-f"
        ],
        "colorPermutations": {
          "1141682211171171171159157157125525525519292921": [
            {
              "f": 4
            }
          ]
        }
      },
      "attrs": [
        {
          "fill": "rgb(255, 255, 255)"
        }
      ],
      "properties": {
        "order": 160,
        "id": 21,
        "name": "fb-f",
        "prevSize": 32,
        "code": 59651
      },
      "setIdx": 0,
      "setId": 7,
      "iconIdx": 3
    },
    {
      "icon": {
        "paths": [
          "M512 0c-282.77 0-512 229.23-512 512s229.23 512 512 512c282.77 0 512-229.23 512-512v0c-0.238-282.674-229.326-511.762-511.977-512l-0.023-0zM639.302 529.873h-83.27v296.913h-123.392v-296.913h-58.694v-104.913h58.694v-67.817c-0.224-2.698-0.351-5.84-0.351-9.012 0-63.932 51.827-115.759 115.759-115.759 3.187 0 6.344 0.129 9.466 0.381l-0.411-0.027h91.415v101.841h-66.374c-0.378-0.020-0.82-0.032-1.266-0.032-13.881 0-25.135 11.253-25.135 25.135 0 1.226 0.088 2.432 0.257 3.611l-0.016-0.135v61.626h94.022z"
        ],
        "attrs": [
          {
            "fill": "rgb(255, 255, 255)"
          }
        ],
        "isMulticolor": false,
        "isMulticolor2": false,
        "grid": 0,
        "tags": [
          "fb-h"
        ],
        "colorPermutations": {
          "1141682211171171171159157157125525525519292921": [
            {
              "f": 4
            }
          ]
        }
      },
      "attrs": [
        {
          "fill": "rgb(255, 255, 255)"
        }
      ],
      "properties": {
        "order": 161,
        "id": 20,
        "name": "fb-h",
        "prevSize": 32,
        "code": 59652
      },
      "setIdx": 0,
      "setId": 7,
      "iconIdx": 4
    },
    {
      "icon": {
        "paths": [
          "M512 0c282.77 0 512 229.23 512 512s-229.23 512-512 512c-282.77 0-512-229.23-512-512v0c0-282.77 229.23-512 512-512v0zM626.912 464.64h-258.912v113.92h130.208c-16.891 44.722-59.344 75.95-109.090 75.95-1.778 0-3.546-0.040-5.304-0.119l0.25 0.009c-2.826 0.224-6.118 0.352-9.44 0.352-70.003 0-126.752-56.749-126.752-126.752s56.749-126.752 126.752-126.752c3.322 0 6.614 0.128 9.872 0.379l-0.432-0.027c1.461-0.064 3.175-0.1 4.898-0.1 30.727 0 58.751 11.573 79.95 30.599l-0.112-0.098 9.408 8.96 89.312-84.48-9.6-8.96c-43.403-37.168-100.221-59.789-162.322-59.789-4.079 0-8.136 0.098-12.167 0.291l0.569-0.022c-4.691-0.326-10.166-0.512-15.685-0.512-132.831 0-240.512 107.681-240.512 240.512s107.681 240.512 240.512 240.512c5.519 0 10.994-0.186 16.42-0.552l-0.735 0.040c132.352 0 226.4-73.6 245.44-192 2.383-14.556 3.744-31.332 3.744-48.426 0-18.5-1.595-36.628-4.655-54.254l0.27 1.88zM848.064 464.64v-75.52h-93.408v75.52h-80v88.64h80v75.84h93.344v-75.84h80v-88.64h-80z"
        ],
        "attrs": [
          {}
        ],
        "isMulticolor": false,
        "isMulticolor2": false,
        "grid": 0,
        "tags": [
          "google"
        ],
        "colorPermutations": {
          "1141682211171171171159157157125525525519292921": [
            {}
          ]
        }
      },
      "attrs": [
        {}
      ],
      "properties": {
        "order": 162,
        "id": 19,
        "name": "google",
        "prevSize": 32,
        "code": 59653
      },
      "setIdx": 0,
      "setId": 7,
      "iconIdx": 5
    },
    {
      "icon": {
        "paths": [
          "M512.576 0.512c-282.77 0-512 229.23-512 512s229.23 512 512 512c282.77 0 512-229.23 512-512v0c0-282.77-229.23-512-512-512v0zM619.2 794.112q-39.488 15.552-63.104 23.744c-15.442 5.212-33.225 8.219-51.712 8.219-1.058 0-2.113-0.010-3.167-0.029l0.158 0.002c-1.972 0.127-4.276 0.199-6.597 0.199-25.724 0-49.376-8.875-68.059-23.731l0.224 0.172c-16.271-13.936-26.517-34.503-26.517-57.463 0-0.633 0.008-1.265 0.023-1.894l-0.002 0.093c0.007-10.073 0.705-19.975 2.048-29.672l-0.128 1.128q2.048-14.592 6.4-32.896l33.024-116.544c2.88-11.264 5.44-21.888 7.424-32 1.785-8.215 2.852-17.684 2.943-27.387l0.001-0.069c0.15-1.336 0.236-2.886 0.236-4.455 0-10.116-3.567-19.399-9.512-26.66l0.059 0.075c-8.218-5.698-18.401-9.102-29.38-9.102-2.073 0-4.118 0.121-6.128 0.357l0.244-0.023c-9.372 0.046-18.395 1.47-26.9 4.078l0.66-0.174c-8.896 2.752-16.64 5.248-22.976 7.68l8.704-35.904q32.384-13.248 62.016-22.592c16.652-5.774 35.85-9.222 55.818-9.471l0.118-0.001c2.020-0.136 4.379-0.213 6.756-0.213 25.261 0 48.482 8.738 66.804 23.356l-0.216-0.166c15.764 14.050 25.643 34.412 25.643 57.081 0 0.903-0.016 1.802-0.047 2.697l0.004-0.13c0 5.12-0.576 14.016-1.792 26.752-1.064 12.985-3.332 24.968-6.721 36.47l0.321-1.27-32.832 116.16q-3.968 14.016-7.232 32c-1.692 7.994-2.84 17.344-3.191 26.898l-0.009 0.302c-0.182 1.418-0.286 3.059-0.286 4.724 0 10.395 4.056 19.843 10.672 26.847l-0.018-0.019c8.693 5.452 19.26 8.686 30.581 8.686 1.852 0 3.683-0.086 5.49-0.256l-0.231 0.017c9.776-0.223 19.105-1.775 27.929-4.48l-0.729 0.192c8.59-2.184 15.9-4.702 22.935-7.738l-0.983 0.378zM613.376 322.56c-13.991 13.209-32.911 21.328-53.727 21.328-0.552 0-1.102-0.006-1.651-0.017l0.082 0.001c-0.42 0.008-0.914 0.013-1.41 0.013-20.927 0-39.959-8.113-54.123-21.366l0.045 0.041c-14.209-12.79-23.103-31.244-23.103-51.776s8.895-38.986 23.041-51.72l0.063-0.056c14.060-13.362 33.118-21.58 54.096-21.58 0.489 0 0.978 0.004 1.465 0.013l-0.073-0.001c0.455-0.010 0.992-0.015 1.53-0.015 20.873 0 39.826 8.224 53.794 21.609l-0.028-0.026c14.117 12.825 22.945 31.255 22.945 51.747 0 20.522-8.854 38.977-22.95 51.752l-0.059 0.053z"
        ],
        "attrs": [
          {
            "fill": "rgb(255, 255, 255)"
          }
        ],
        "isMulticolor": false,
        "isMulticolor2": false,
        "grid": 0,
        "tags": [
          "info-m"
        ],
        "colorPermutations": {
          "1141682211171171171159157157125525525519292921": [
            {
              "f": 4
            }
          ]
        }
      },
      "attrs": [
        {
          "fill": "rgb(255, 255, 255)"
        }
      ],
      "properties": {
        "order": 163,
        "id": 18,
        "name": "info-m",
        "prevSize": 32,
        "code": 59654
      },
      "setIdx": 0,
      "setId": 7,
      "iconIdx": 6
    },
    {
      "icon": {
        "paths": [
          "M512 614.4c56.554 0 102.4-45.846 102.4-102.4s-45.846-102.4-102.4-102.4c-56.554 0-102.4 45.846-102.4 102.4v0c0.181 56.481 45.919 102.219 102.383 102.4l0.017 0zM735.776 386.56v-98.56h-12.8l-85.856 0.32 0.352 98.56zM512 0c-282.77 0-512 229.23-512 512s229.23 512 512 512c282.77 0 512-229.23 512-512v0c-0.327-282.638-229.362-511.672-511.968-512l-0.032-0zM803.2 452.16v238.4c-0.036 62.15-50.372 112.531-112.502 112.64l-0.010 0h-357.312c-62.14-0.109-112.476-50.49-112.512-112.636l-0-0.004v-357.12c0.036-62.15 50.372-112.531 112.502-112.64l0.010-0h357.152c62.146 0.109 112.489 50.486 112.544 112.635l0 0.005v118.72zM671.296 512c0 0.028 0 0.060 0 0.093 0 87.924-71.276 159.2-159.2 159.2s-159.2-71.276-159.2-159.2c0-21.605 4.304-42.204 12.1-60.988l-0.388 1.055h-86.912v238.4c0.055 30.763 25.005 55.68 55.776 55.68 0 0 0-0 0-0l357.184 0c0 0 0 0 0 0 30.77 0 55.721-24.917 55.776-55.675l0-0.005v-238.4h-86.912c7.368 17.67 11.648 38.198 11.648 59.725 0 0.040-0 0.081-0 0.121l0-0.006z"
        ],
        "attrs": [
          {
            "fill": "rgb(255, 255, 255)"
          }
        ],
        "isMulticolor": false,
        "isMulticolor2": false,
        "grid": 0,
        "tags": [
          "inst-f"
        ],
        "colorPermutations": {
          "1141682211171171171159157157125525525519292921": [
            {
              "f": 4
            }
          ]
        }
      },
      "attrs": [
        {
          "fill": "rgb(255, 255, 255)"
        }
      ],
      "properties": {
        "order": 164,
        "id": 17,
        "name": "inst-f",
        "prevSize": 32,
        "code": 59655
      },
      "setIdx": 0,
      "setId": 7,
      "iconIdx": 7
    },
    {
      "icon": {
        "paths": [
          "M512 614.4c56.554 0 102.4-45.846 102.4-102.4s-45.846-102.4-102.4-102.4c-56.554 0-102.4 45.846-102.4 102.4v0c0.132 56.501 45.899 102.268 102.387 102.4l0.013 0zM735.744 386.56v-98.676h-12.893l-85.876 0.279 0.372 98.676zM512 0c-282.77 0-512 229.23-512 512s229.23 512 512 512c282.77 0 512-229.23 512-512v0c-0.265-282.663-229.337-511.735-511.975-512l-0.025-0zM803.142 452.143v238.359c-0.079 62.117-50.427 112.447-112.542 112.5l-357.195 0c-62.111-0.053-112.447-50.39-112.5-112.495l-0-0.005v-357.19c0.053-62.111 50.39-112.447 112.495-112.5l357.195-0c62.12 0.053 112.467 50.384 112.547 112.493l0 0.008v118.831zM671.185 512c0 0.078 0 0.171 0 0.264 0 87.941-71.291 159.232-159.232 159.232s-159.232-71.291-159.232-159.232c0-21.623 4.31-42.239 12.117-61.036l-0.388 1.055h-86.9v238.359c0 30.848 25.007 55.855 55.855 55.855v0h357.143c30.848 0 55.855-25.007 55.855-55.855v0-238.359h-86.947c7.419 17.631 11.729 38.125 11.729 59.626 0 0.032-0 0.065-0 0.097l0-0.005z"
        ],
        "attrs": [
          {
            "fill": "rgb(255, 255, 255)"
          }
        ],
        "isMulticolor": false,
        "isMulticolor2": false,
        "grid": 0,
        "tags": [
          "inst-h"
        ],
        "colorPermutations": {
          "1141682211171171171159157157125525525519292921": [
            {
              "f": 4
            }
          ]
        }
      },
      "attrs": [
        {
          "fill": "rgb(255, 255, 255)"
        }
      ],
      "properties": {
        "order": 165,
        "id": 16,
        "name": "inst-h",
        "prevSize": 32,
        "code": 59656
      },
      "setIdx": 0,
      "setId": 7,
      "iconIdx": 8
    },
    {
      "icon": {
        "paths": [
          "M128.939-1.024c-0.306-0.003-0.667-0.004-1.028-0.004-70.692 0-128 57.308-128 128 0 0.361 0.001 0.723 0.004 1.083l-0-0.055v768c-0.003 0.306-0.004 0.667-0.004 1.028 0 70.692 57.308 128 128 128 0.361 0 0.723-0.001 1.083-0.004l-0.055 0h1022.976c0.306 0.003 0.667 0.004 1.028 0.004 70.692 0 128-57.308 128-128 0-0.361-0.001-0.723-0.004-1.083l0 0.055v-768c0.003-0.306 0.004-0.667 0.004-1.028 0-70.692-57.308-128-128-128-0.361 0-0.723 0.001-1.083 0.004l0.055-0h-1022.976zM638.976 574.976l-510.037-317.952v-129.024l510.037 321.024 512.939-321.024v129.024z"
        ],
        "attrs": [
          {
            "fill": "rgb(159, 157, 157)"
          }
        ],
        "width": 1280,
        "isMulticolor": false,
        "isMulticolor2": false,
        "grid": 0,
        "tags": [
          "mail-h"
        ],
        "colorPermutations": {
          "1141682211171171171159157157125525525519292921": [
            {
              "f": 3
            }
          ]
        }
      },
      "attrs": [
        {
          "fill": "rgb(159, 157, 157)"
        }
      ],
      "properties": {
        "order": 166,
        "id": 15,
        "name": "mail-h",
        "prevSize": 32,
        "code": 59657
      },
      "setIdx": 0,
      "setId": 7,
      "iconIdx": 9
    },
    {
      "icon": {
        "paths": [
          "M412.949 443.918c-18.459 0.025-36.082 3.579-52.238 10.023l0.955-0.336-6.172 37.085c13.14-4.745 28.303-7.488 44.107-7.488 0.723 0 1.444 0.006 2.164 0.017l-0.108-0.001c15.803 0 27.316 1.661 27.316 14.668 0.037 0.56 0.058 1.213 0.058 1.872 0 3.287-0.528 6.45-1.503 9.411l0.061-0.212s-12.426-1.107-18.183-1.107c-36.67 0-75.139 15.775-75.139 63.931-0.283 1.799-0.445 3.874-0.445 5.986 0 22.377 18.14 40.517 40.517 40.517 0.293 0 0.584-0.003 0.876-0.009l-0.043 0.001c0.378 0.009 0.823 0.015 1.269 0.015 16.894 0 32.012-7.607 42.114-19.582l0.068-0.082-1.411 16.329h37.307l16.605-118.729c0.038-0.734 0.060-1.593 0.060-2.458 0-27.864-22.588-50.453-50.453-50.453-2.747 0-5.443 0.22-8.070 0.642l0.289-0.038zM392.026 582.019c-0.303 0.021-0.658 0.033-1.014 0.033-8.621 0-15.609-6.988-15.609-15.609 0-0.265 0.007-0.528 0.020-0.789l-0.001 0.037c0-11.624 6.282-26.015 37.362-26.015 0.284-0.009 0.618-0.015 0.953-0.015 2.941 0 5.786 0.41 8.482 1.175l-0.218-0.053c0.83 7.196-4.428 41.237-29.973 41.237zM524.371 497.885c0 21.587 50.48 11.070 50.48 64.484 0.007 0.318 0.010 0.693 0.010 1.069 0 30.264-24.534 54.798-54.798 54.798-3.279 0-6.491-0.288-9.612-0.84l0.33 0.048c-2.752 0.2-5.962 0.314-9.199 0.314-13.672 0-26.868-2.036-39.302-5.823l0.954 0.25 5.535-37.916c11.159 3.827 24.034 6.226 37.41 6.637l0.201 0.005c11.43 0 26.237-1.107 26.237-14.945 0-20.757-53.027-16.052-53.027-65.315-0.036-0.737-0.056-1.6-0.056-2.468 0-30.188 24.472-54.659 54.659-54.659 3.009 0 5.962 0.243 8.839 0.711l-0.315-0.042c0.852-0.014 1.857-0.022 2.864-0.022 12.827 0 25.346 1.318 37.429 3.826l-1.188-0.206-5.369 37.916s-22.971-1.937-28.921-1.937c-14.973-0-23.165 3.598-23.165 14.115zM624.917 563.477c-0.941 6.089 0.692 14.115 15.415 14.115 3.764 0 8.026-1.384 10.932-1.384l-5.314 36.809c-9.43 3.259-20.308 5.264-31.615 5.533l-0.129 0.002c-0.737 0.061-1.596 0.096-2.463 0.096-17.501 0-31.689-14.187-31.689-31.689 0-1.744 0.141-3.454 0.412-5.122l-0.024 0.183c0-17.159 24.078-158.028 24.908-159.135h42.344l-4.317 25.185h21.144l-5.397 40.683h-22.445zM788.342 545.764c2.414-11.074 4.375-24.512 5.464-38.195l0.071-1.105c0.189-1.746 0.296-3.772 0.296-5.823 0-31.686-25.686-57.372-57.372-57.372-1.156 0-2.303 0.034-3.442 0.102l0.157-0.007c-42.621 0-74.143 46.772-74.143 99.632-0.361 2.615-0.567 5.638-0.567 8.708 0 37.096 30.073 67.169 67.169 67.169 2.315 0 4.602-0.117 6.856-0.346l-0.284 0.023c1.84 0.116 3.991 0.181 6.156 0.181 13.889 0 27.144-2.709 39.268-7.628l-0.7 0.251 7.472-41.514c-13.21 5.852-28.553 9.635-44.671 10.503l-0.33 0.014c-45.471 0-37.501-34.595-37.501-34.595h86.071zM733.654 482.11c23.912 0 19.373 27.399 19.373 29.613h-47.049c0.56-15.466 12.42-27.994 27.541-29.601l0.135-0.012zM349.433 409.6l-33.405 205.63h-43.368l24.133-154.984-54.438 154.984h-29.253l-3.792-154.984-25.766 154.984h-40.877l33.875-205.63h61.827l2.159 126.201 41.763-126.201h67.058zM885.29 382.478h-219.939c2.159-4.151 9.853-21.034 21.421-43.174h181.386c5.454 11.31 11.25 25.587 16.257 40.231l0.874 2.943zM845.215 296.683h-134.864c8.662-14.668 18.211-29.613 28.368-43.451h75.61c10.407 12.725 20.586 26.903 29.864 41.703l1.022 1.748zM774.919 812.558c-14.462-13.655-27.777-28.11-40.038-43.445l-0.646-0.836h82.197c-12.77 15.848-25.983 30.035-40.136 43.227l-0.243 0.224zM845.796 726.486h-141.146c-7.517-11.904-15.347-26.143-22.373-40.841l-1.124-2.61h187.862c-7.967 17.219-15.738 31.464-24.301 45.163l0.998-1.713zM896.138 446.685c-7.416 14.521-12.936 31.381-15.658 49.162l-0.117 0.931c-29.392-10.794-31.716 47.325-44.032 118.729h-43.478l26.43-167.161h39.438l-3.792 24.078c6.545-13.13 18.402-22.783 32.681-26.223l0.337-0.068c0.298-0.007 0.649-0.011 1.001-0.011 2.51 0 4.972 0.205 7.37 0.6l-0.261-0.036zM974.544 576.484c13.016-1.471 24.87-5.194 35.598-10.782l-0.561 0.266-7.583 47.049c-10.832 2.911-23.495 4.982-36.502 5.784l-0.556 0.027c-50.563 0-76.219-35.425-76.219-89.392 0-81.090 47.574-124.264 96.422-124.264 17.408 0.962 33.671 4.737 48.717 10.879l-1.004-0.363-6.919 45.665c-10.944-7.243-24.279-11.724-38.629-12.174l-0.116-0.003c-28.81 0-54.687 27.952-54.687 78.876-0.277 1.821-0.436 3.923-0.436 6.061 0 23.401 18.97 42.371 42.371 42.371 0.007 0 0.015-0 0.022-0l-0.001 0zM1388.074 591.429c-2.005 1.129-3.627 2.725-4.756 4.646l-0.032 0.059c-1.096 1.911-1.742 4.201-1.742 6.642s0.646 4.731 1.777 6.708l-0.035-0.066c1.14 1.979 2.745 3.576 4.671 4.673l0.061 0.032c1.845 1.033 4.046 1.647 6.389 1.661l0.004 0c0.001 0 0.002 0 0.004 0 2.356 0 4.567-0.616 6.483-1.695l-0.066 0.034c1.988-1.129 3.593-2.725 4.701-4.645l0.032-0.060c1.069-1.917 1.698-4.206 1.698-6.642s-0.629-4.725-1.734-6.713l0.036 0.071c-1.162-1.987-2.796-3.585-4.752-4.672l-0.064-0.033c-1.826-1.036-4.009-1.65-6.335-1.661l-0.003-0c-2.357 0.011-4.568 0.625-6.489 1.696l0.069-0.035zM1403.683 597.241c0.905 1.595 1.438 3.503 1.438 5.535s-0.533 3.94-1.467 5.592l0.029-0.057c-0.906 1.672-2.262 3.002-3.906 3.85l-0.052 0.024c-1.488 1.039-3.336 1.659-5.328 1.659s-3.839-0.621-5.358-1.68l0.031 0.020c-1.705-0.872-3.069-2.201-3.961-3.826l-0.024-0.048c-0.881-1.6-1.402-3.506-1.411-5.532l-0-0.003c0.002-2.036 0.546-3.944 1.496-5.589l-0.029 0.054c0.916-1.674 2.281-3.003 3.933-3.85l0.052-0.024c1.484-1.013 3.31-1.63 5.278-1.66l0.008-0c1.958 0.023 3.768 0.641 5.261 1.681l-0.031-0.020c1.699 0.869 3.056 2.199 3.934 3.826l0.024 0.048zM1231.706 547.702c0 35.148 17.27 70.019 52.584 70.019 15.706-0.050 29.784-6.979 39.386-17.929l0.052-0.060-1.854 15.222h41.209l32.381-205.077h-42.454l-9.161 57.842c-9.469-12.846-24.085-21.426-40.746-22.683l-0.187-0.011c-38.967 0.277-71.348 47.879-71.348 102.677zM1333.22 522.517c0 22.694-11.070 53.137-34.013 53.137-15.249 0-22.417-13.008-22.417-33.488 0-33.488 14.751-55.351 33.377-55.351 15.139-0 22.971 10.517 22.971 35.702zM1402.133 738.664c-0.348-0.309-0.738-0.585-1.157-0.814l-0.033-0.016c1.117-0.050 2.101-0.575 2.762-1.377l0.005-0.006c0.663-0.626 1.077-1.51 1.079-2.49l0-0c-0.014-0.823-0.26-1.587-0.674-2.231l0.010 0.017c-0.437-0.611-1.028-1.087-1.717-1.374l-0.026-0.010c-0.793-0.196-1.703-0.308-2.639-0.308-0.298 0-0.594 0.011-0.887 0.034l0.039-0.002h-4.788v14.115h2.269v-6.089h1.245c0.006-0 0.013-0 0.021-0 0.656 0 1.263 0.207 1.76 0.56l-0.009-0.006c0.888 0.968 1.669 2.058 2.31 3.235l0.043 0.086 1.218 2.214h2.768l-1.661-2.768c-0.603-1.049-1.271-1.955-2.030-2.778l0.010 0.011zM1399.171 736.173h-2.768v-4.151h2.574c0.168-0.023 0.361-0.036 0.558-0.036 0.586 0 1.146 0.115 1.658 0.323l-0.029-0.011c0.4 0.039 0.744 0.247 0.966 0.55l0.003 0.004c0.167 0.321 0.285 0.696 0.331 1.092l0.001 0.015c0.012 0.075 0.018 0.162 0.018 0.251 0 0.582-0.29 1.096-0.732 1.406l-0.006 0.004c-0.547 0.391-1.229 0.625-1.965 0.625-0.245 0-0.484-0.026-0.714-0.075l0.022 0.004zM1510.289 0.277h-1470.547c-22.072 0.139-39.912 18.065-39.912 40.157 0 0.185 0.001 0.37 0.004 0.555l-0-0.028v942.080c-0.001 0.108-0.002 0.235-0.002 0.362 0 22.125 17.818 40.088 39.888 40.321l0.022 0h1470.464c22.091-0.234 39.91-18.197 39.91-40.321 0-0.127-0.001-0.254-0.002-0.381l0 0.019v-942.080c0.002-0.157 0.003-0.341 0.003-0.527 0-22.092-17.839-40.017-39.899-40.157l-0.013-0zM1410.989 743.369c-1.047 2.128-2.674 3.835-4.675 4.952l-0.057 0.029c-1.834 1.039-4.027 1.654-6.363 1.661l-0.002 0c-0.003 0-0.007 0-0.010 0-2.363 0-4.582-0.616-6.505-1.695l0.067 0.035c-2.049-1.169-3.678-2.869-4.729-4.915l-0.031-0.067c-1.061-1.807-1.688-3.979-1.688-6.299 0-0.024 0-0.047 0-0.070l-0 0.004c-0-0.034-0-0.074-0-0.114 0-2.403 0.648-4.655 1.778-6.591l-0.033 0.062c1.138-2.081 2.764-3.769 4.729-4.949l0.059-0.033c1.835-1.036 4.027-1.65 6.362-1.661l0.003-0c2.312 0.155 4.451 0.752 6.382 1.705l-0.099-0.044c2.032 1.213 3.667 2.9 4.782 4.915l0.034 0.067c1.050 1.922 1.682 4.205 1.716 6.632l0 0.010c-0.010 2.355-0.678 4.552-1.829 6.419l0.031-0.053zM1439.772 512c0.010 1.051 0.016 2.293 0.016 3.537 0 220.508-177.57 399.543-397.518 401.91l-0.224 0.002c-103.278-0.051-197.232-39.932-267.341-105.114l0.243 0.223c-69.767 64.83-163.584 104.614-266.693 104.614-0.006 0-0.013-0-0.019-0l0.001 0c-220.39-4.552-397.306-184.285-397.306-405.34 0-220.159 175.486-399.331 394.211-405.269l0.549-0.012h2.546c103.156 0.101 196.979 39.975 266.978 105.111l-0.24-0.221c69.676-64.992 163.495-104.891 266.632-104.891 0.076 0 0.153 0 0.229 0l-0.012-0c220.241 2.043 397.992 181.056 397.992 401.586 0 1.261-0.006 2.521-0.017 3.779l0.001-0.193c-0.049 0.080-0.087 0.172-0.109 0.27l-0.001 0.006zM1388.793 595.857v14.115h2.242v-6.089h1.301c0.012-0 0.026-0 0.039-0 0.659 0 1.269 0.207 1.769 0.56l-0.010-0.006c0.889 0.972 1.678 2.060 2.335 3.233l0.045 0.088 1.162 2.214h2.768l-1.688-2.768c-0.589-1.054-1.269-1.963-2.051-2.771l0.003 0.003c-0.342-0.302-0.722-0.577-1.129-0.812l-0.034-0.018c0.071 0.005 0.153 0.008 0.236 0.008 1.001 0 1.902-0.429 2.53-1.113l0.002-0.003c0.685-0.715 1.107-1.686 1.107-2.756 0-0.004-0-0.008-0-0.012l0 0.001c-0.019-0.731-0.265-1.402-0.671-1.946l0.006 0.009c-0.358-0.673-0.965-1.172-1.696-1.379l-0.020-0.005c-0.975-0.353-2.101-0.556-3.274-0.556-0.085 0-0.169 0.001-0.254 0.003l0.012-0h-4.788zM1396.764 598.902c0.228 0.254 0.367 0.591 0.367 0.96 0 0.052-0.003 0.103-0.008 0.153l0.001-0.006c0 0.012 0.001 0.027 0.001 0.041 0 0.546-0.259 1.031-0.661 1.34l-0.004 0.003c-0.566 0.395-1.269 0.631-2.027 0.631-0.262 0-0.518-0.028-0.764-0.082l0.024 0.004h-2.768v-4.151h2.518c0.173-0.023 0.372-0.036 0.575-0.036 0.6 0 1.172 0.115 1.698 0.324l-0.031-0.011c0.493 0.005 0.903 0.357 0.995 0.824l0.001 0.007zM1099.748 443.918c-18.478 0.021-36.12 3.575-52.295 10.023l0.957-0.336-6.172 37.085c13.149-4.745 28.324-7.488 44.139-7.488 0.712 0 1.422 0.006 2.131 0.017l-0.107-0.001c15.803 0 27.344 1.661 27.344 14.668 0.038 0.558 0.060 1.209 0.060 1.866 0 3.293-0.549 6.458-1.56 9.408l0.061-0.204s-12.426-1.107-18.238-1.107c-36.615 0-75.084 15.775-75.084 63.931-0.28 1.791-0.44 3.856-0.44 5.958 0 22.392 18.153 40.545 40.545 40.545 0.281 0 0.562-0.003 0.842-0.009l-0.042 0.001c0.34 0.008 0.741 0.012 1.142 0.012 16.932 0 32.089-7.603 42.242-19.581l0.066-0.080-1.384 16.329h37.279l16.605-118.729c0.040-0.754 0.063-1.636 0.063-2.523 0-27.834-22.564-50.397-50.397-50.397-2.768 0-5.483 0.223-8.13 0.652l0.29-0.039zM1078.853 582.019c-0.312 0.022-0.676 0.035-1.044 0.035-8.605 0-15.581-6.976-15.581-15.581 0-0.275 0.007-0.549 0.021-0.82l-0.002 0.038c0-11.624 6.282-26.015 37.334-26.015 0.284-0.009 0.618-0.015 0.953-0.015 2.941 0 5.786 0.41 8.482 1.175l-0.218-0.053c0.747 7.196-4.539 41.237-30.028 41.237zM1236.023 496.778c-29.419-10.794-31.661 47.325-44.032 118.729h-43.451l26.43-167.161h39.438l-3.764 24.078c6.551-13.136 18.419-22.79 32.709-26.224l0.336-0.068c0.32-0.008 0.697-0.013 1.076-0.013 2.493 0 4.938 0.206 7.319 0.602l-0.258-0.035c-7.425 14.517-12.978 31.369-15.763 49.14l-0.123 0.953z"
        ],
        "attrs": [
          {
            "fill": "rgb(117, 117, 117)"
          }
        ],
        "width": 1550,
        "isMulticolor": false,
        "isMulticolor2": false,
        "grid": 0,
        "tags": [
          "master-card-f"
        ],
        "colorPermutations": {
          "1141682211171171171159157157125525525519292921": [
            {
              "f": 2
            }
          ]
        }
      },
      "attrs": [
        {
          "fill": "rgb(117, 117, 117)"
        }
      ],
      "properties": {
        "order": 167,
        "id": 14,
        "name": "master-card-f",
        "prevSize": 32,
        "code": 59658
      },
      "setIdx": 0,
      "setId": 7,
      "iconIdx": 10
    },
    {
      "icon": {
        "paths": [
          "M1149.645 0l-336.077 426.701 256 324.301-141.517 102.4c-150.323-187.699-397.926-512-397.926-512l-530.125 682.598h1945.6z"
        ],
        "attrs": [
          {
            "fill": "rgb(255, 255, 255)"
          }
        ],
        "width": 1946,
        "isMulticolor": false,
        "isMulticolor2": false,
        "grid": 0,
        "tags": [
          "mountains-m"
        ],
        "colorPermutations": {
          "1141682211171171171159157157125525525519292921": [
            {
              "f": 4
            }
          ]
        }
      },
      "attrs": [
        {
          "fill": "rgb(255, 255, 255)"
        }
      ],
      "properties": {
        "order": 168,
        "id": 13,
        "name": "mountains-m",
        "prevSize": 32,
        "code": 59659
      },
      "setIdx": 0,
      "setId": 7,
      "iconIdx": 11
    },
    {
      "icon": {
        "paths": [
          "M330.638 317.364c10.388-9.97 16.843-23.971 16.843-39.478 0-6.909-1.281-13.519-3.619-19.605l0.126 0.374c-20.301-59.431-32.020-127.898-32.020-199.102 0-1.257 0.004-2.513 0.011-3.768l-0.001 0.193c-0.136-15.057-6.22-28.666-16.012-38.616l0.007 0.007c-9.597-10.69-23.46-17.383-38.886-17.383-0.409 0-0.817 0.005-1.224 0.014l0.061-0.001h-199.945c-30.162 1.842-54.171 25.824-56.046 55.807l-0.009 0.171c-0.007 1.4-0.012 3.057-0.012 4.714 0 532.026 431.292 963.319 963.319 963.319 1.658 0 3.314-0.004 4.97-0.013l-0.255 0.001c30.16-1.811 54.167-25.819 55.971-55.813l0.008-0.165v-200.021c0.009-0.354 0.014-0.771 0.014-1.189 0-15.38-6.663-29.205-17.261-38.743l-0.047-0.042c-9.96-9.802-23.6-15.89-38.662-16.005l-0.022-0c-0.962 0.005-2.1 0.008-3.238 0.008-71.32 0-139.903-11.718-203.93-33.334l4.492 1.316c-6.079-2.915-13.215-4.618-20.749-4.618-15.235 0-28.844 6.964-37.817 17.882l-0.068 0.085-125.307 125.307c-163.648-82.674-293.369-212.37-373.88-371.226l-2.193-4.772z"
        ],
        "attrs": [
          {
            "fill": "rgb(159, 157, 157)"
          }
        ],
        "isMulticolor": false,
        "isMulticolor2": false,
        "grid": 0,
        "tags": [
          "phone-f"
        ],
        "colorPermutations": {
          "1141682211171171171159157157125525525519292921": [
            {
              "f": 3
            }
          ]
        }
      },
      "attrs": [
        {
          "fill": "rgb(159, 157, 157)"
        }
      ],
      "properties": {
        "order": 169,
        "id": 12,
        "name": "phone-f",
        "prevSize": 32,
        "code": 59660
      },
      "setIdx": 0,
      "setId": 7,
      "iconIdx": 12
    },
    {
      "icon": {
        "paths": [
          "M774.827 646.963l-99.669 99.465-397.312-397.79 98.987-99.396-249.173-249.242s-118.784 109.568-126.976 196.471c-10.923 116.053 112.64 327.68 305.835 521.148s404.821 316.484 520.875 305.766c86.699-8.055 196.608-127.113 196.608-127.113zM929.109 454.861h67.584c-0.233-235.98-191.392-427.234-427.313-427.622l-0.037-0v67.516c198.719 0.233 359.727 161.361 359.765 360.103l0 0.004zM771.413 454.861h67.584c0 0 0-0 0-0 0-149.008-120.678-269.829-269.631-270.063l-0.022-0v67.789c111.547 0.31 201.876 90.711 202.069 202.256l0 0.019z"
        ],
        "attrs": [
          {
            "fill": "rgb(255, 255, 255)"
          }
        ],
        "isMulticolor": false,
        "isMulticolor2": false,
        "grid": 0,
        "tags": [
          "phone-h"
        ],
        "colorPermutations": {
          "1141682211171171171159157157125525525519292921": [
            {
              "f": 4
            }
          ]
        }
      },
      "attrs": [
        {
          "fill": "rgb(255, 255, 255)"
        }
      ],
      "properties": {
        "order": 170,
        "id": 11,
        "name": "phone-h",
        "prevSize": 32,
        "code": 59661
      },
      "setIdx": 0,
      "setId": 7,
      "iconIdx": 13
    },
    {
      "icon": {
        "paths": [
          "M629.595 652.717c-59.987-69.302-78.154-158.555-178.374-158.555-95.595 0-112.706 87.073-172.494 151.618-53.182 57.278-154.459 70.293-154.459 176.723 0 126.646 146.399 200.77 326.953 200.77s326.953-74.124 326.953-200.77c-0.066-96.983-100.748-114.49-148.579-169.786zM692.158 529.177c0 63.705 51.643 115.349 115.349 115.349s115.349-51.643 115.349-115.349h-0c0-63.62-30.324-285.465-30.324-285.465s-200.374 222.043-200.374 285.465zM231.292 529.177c0-63.62-200.44-285.465-200.44-285.465s-30.191 221.845-30.191 285.465c-0.021 0.822-0.033 1.79-0.033 2.76 0 63.705 51.643 115.349 115.349 115.349s115.349-51.643 115.349-115.349c0-0.971-0.012-1.939-0.036-2.903l0.003 0.143zM605.481 401.474c63.727-0.038 115.377-51.688 115.415-115.411l0-0.003c0-63.62-115.415-285.465-115.415-285.465s-115.283 221.845-115.283 285.465c-0 63.742 51.673 115.415 115.415 115.415 0.046 0 0.093-0 0.139-0l-0.007 0zM318.497 401.474c63.755 0 115.443-51.665 115.481-115.411l0-0.004c0-63.62-115.349-285.465-115.349-285.465s-115.283 221.845-115.283 285.465c-0 0-0 0-0 0 0 63.649 51.522 115.264 115.136 115.414l0.014 0z"
        ],
        "attrs": [
          {
            "fill": "rgb(255, 255, 255)"
          }
        ],
        "width": 923,
        "isMulticolor": false,
        "isMulticolor2": false,
        "grid": 0,
        "tags": [
          "safari-m"
        ],
        "colorPermutations": {
          "1141682211171171171159157157125525525519292921": [
            {
              "f": 4
            }
          ]
        }
      },
      "attrs": [
        {
          "fill": "rgb(255, 255, 255)"
        }
      ],
      "properties": {
        "order": 171,
        "id": 10,
        "name": "safari-m",
        "prevSize": 32,
        "code": 59662
      },
      "setIdx": 0,
      "setId": 7,
      "iconIdx": 14
    },
    {
      "icon": {
        "paths": [
          "M512 0c282.77 0 512 229.23 512 512s-229.23 512-512 512c-282.77 0-512-229.23-512-512v0c0-282.77 229.23-512 512-512v0zM626.912 464.64h-258.912v113.92h130.208c-16.891 44.722-59.344 75.95-109.090 75.95-1.778 0-3.546-0.040-5.304-0.119l0.25 0.009c-2.826 0.224-6.118 0.352-9.44 0.352-70.003 0-126.752-56.749-126.752-126.752s56.749-126.752 126.752-126.752c3.322 0 6.614 0.128 9.872 0.379l-0.432-0.027c1.461-0.064 3.175-0.1 4.898-0.1 30.727 0 58.751 11.573 79.95 30.599l-0.112-0.098 9.408 8.96 89.312-84.48-9.6-8.96c-43.403-37.168-100.221-59.789-162.322-59.789-4.079 0-8.136 0.098-12.167 0.291l0.569-0.022c-4.691-0.326-10.166-0.512-15.685-0.512-132.831 0-240.512 107.681-240.512 240.512s107.681 240.512 240.512 240.512c5.519 0 10.994-0.186 16.42-0.552l-0.735 0.040c132.352 0 226.4-73.6 245.44-192 2.383-14.556 3.744-31.332 3.744-48.426 0-18.5-1.595-36.628-4.655-54.254l0.27 1.88zM848.064 464.64v-75.52h-93.408v75.52h-80v88.64h80v75.84h93.344v-75.84h80v-88.64h-80z"
        ],
        "attrs": [
          {}
        ],
        "isMulticolor": false,
        "isMulticolor2": false,
        "grid": 0,
        "tags": [
          "Shape 1"
        ],
        "colorPermutations": {
          "1141682211171171171159157157125525525519292921": [
            {}
          ]
        }
      },
      "attrs": [
        {}
      ],
      "properties": {
        "order": 172,
        "id": 9,
        "name": "Shape-1",
        "prevSize": 32,
        "code": 59663
      },
      "setIdx": 0,
      "setId": 7,
      "iconIdx": 15
    },
    {
      "icon": {
        "paths": [
          "M1005.568 517.12c0.033-2.040 0.051-4.448 0.051-6.86 0-130.863-54.785-248.93-142.672-332.516l-0.193-0.182c-85.861-86.763-204.961-140.489-336.608-140.489-2.741 0-5.477 0.023-8.208 0.070l0.411-0.006c-0.29-0.001-0.634-0.001-0.978-0.001-29.324 0-58.038 2.608-85.925 7.605l2.935-0.436c-42.529-27.073-94.354-43.147-149.934-43.147-0.449 0-0.898 0.001-1.346 0.003l0.070-0c-1.462-0.028-3.187-0.044-4.915-0.044-76.47 0-145.65 31.215-195.492 81.598l-0.024 0.024c-51.071 48.604-82.835 117.089-82.835 192.993 0 1.343 0.010 2.684 0.030 4.022l-0.002-0.202c-0.004 0.56-0.007 1.222-0.007 1.885 0 51.561 14.29 99.784 39.127 140.925l-0.686-1.225c-6.093 28.844-9.596 61.996-9.626 95.961l-0 0.022c-0.030 1.955-0.047 4.261-0.047 6.572 0 131.336 54.759 249.883 142.692 334.055l0.169 0.161c86.029 87.508 205.672 141.735 337.98 141.735 3.099 0 6.192-0.030 9.277-0.089l-0.462 0.007c31.392-0.073 62.113-2.702 92.037-7.689l-3.29 0.453c38.615 19.676 84.217 31.204 132.51 31.204 0.67 0 1.34-0.002 2.010-0.007l-0.103 0.001c1.425 0.027 3.107 0.042 4.792 0.042 76.487 0 145.684-31.213 195.548-81.597l0.023-0.024c51.098-49.433 82.819-118.622 82.819-195.221 0-46.221-11.55-89.744-31.921-127.84l0.712 1.457c7.635-30.838 12.015-66.24 12.015-102.665 0-0.195-0-0.39-0-0.585l0 0.031zM664.781 819.541c-42.833 16.793-92.432 26.526-144.303 26.526-3.269 0-6.529-0.039-9.779-0.116l0.483 0.009c-4.268 0.179-9.277 0.281-14.309 0.281-57.674 0-112.216-13.408-160.679-37.277l2.137 0.951c-33.022-16.924-60.464-40.413-81.475-68.931l-0.445-0.633c-18.645-23.629-30.238-53.586-31.193-86.212l-0.005-0.213c-0-0.034-0-0.074-0-0.114 0-18.074 7.892-34.305 20.418-45.434l0.062-0.054c12.87-11.916 30.155-19.225 49.146-19.225 0.866 0 1.729 0.015 2.588 0.045l-0.125-0.003c0.183-0.002 0.399-0.003 0.615-0.003 16.094 0 30.923 5.418 42.762 14.529l-0.165-0.122c12.19 11.209 21.945 24.859 28.518 40.197l0.291 0.763c7.009 19.229 15.905 35.874 26.776 51.004l-0.426-0.623c10.934 13.681 25.074 24.355 41.304 30.954l0.68 0.244c19.225 7.669 41.506 12.116 64.825 12.116 2.122 0 4.236-0.037 6.341-0.11l-0.306 0.008c2.253 0.1 4.896 0.156 7.551 0.156 33.421 0 64.745-8.978 91.692-24.654l-0.871 0.468c20.698-12.613 34.634-34.547 35.969-59.822l0.008-0.185c0.011-0.454 0.018-0.989 0.018-1.525 0-18.073-7.339-34.433-19.199-46.26l-0.001-0.001c-14.781-12.078-32.47-21.214-51.822-26.211l-0.948-0.208c-24.886-8.622-54.779-16.128-85.51-21.137l-3.237-0.435c-48.702-10.027-91.26-23.284-131.925-40.181l4.744 1.747c-33.625-13.064-61.887-33.579-83.78-59.625l-0.257-0.313c-19.508-26.694-31.214-60.167-31.214-96.374 0-36.937 12.183-71.029 32.749-98.477l-0.306 0.427c23.994-30.127 56.273-52.718 93.385-64.413l1.369-0.372c40.046-15.288 86.36-24.141 134.742-24.141 3.27 0 6.531 0.040 9.782 0.121l-0.482-0.009c2.073-0.042 4.517-0.067 6.967-0.067 37.746 0 74.151 5.739 108.391 16.392l-2.581-0.692c30.743 9.587 57.472 23.553 81.070 41.434l-0.652-0.474c19.201 14.383 35.145 31.937 47.329 52.025l0.458 0.813c9.41 15.424 15.143 33.999 15.563 53.882l0.002 0.117c-0.114 18.448-7.954 35.043-20.444 46.729l-0.036 0.034c-12.209 12.639-29.308 20.487-48.24 20.487-0.345 0-0.689-0.003-1.032-0.008l0.052 0.001c-1.483 0.118-3.211 0.186-4.955 0.186-14.346 0-27.624-4.571-38.457-12.336l0.199 0.135c-11.648-10.744-21.295-23.444-28.463-37.612l-0.346-0.754c-10.984-21.71-25.492-40.056-42.974-55.028l-0.239-0.2c-20.63-10.826-45.072-17.178-70.998-17.178-3.843 0-7.654 0.14-11.428 0.414l0.505-0.029c-2.085-0.090-4.532-0.142-6.99-0.142-28.995 0-56.321 7.148-80.312 19.778l0.944-0.453c-16.572 8.989-27.854 25.877-28.804 45.477l-0.005 0.126c-0.011 0.373-0.018 0.812-0.018 1.252 0 10.451 3.607 20.059 9.645 27.647l-0.070-0.091c7.833 9.062 17.433 16.367 28.29 21.424l0.518 0.217c10.982 5.713 23.769 10.641 37.141 14.119l1.293 0.285c18.258 5.825 41.658 11.643 65.519 16.157l4.045 0.636q57.617 14.336 107.998 28.809c31.19 8.894 58.44 22.012 82.827 38.962l-0.907-0.596c23.391 13.974 42.415 32.997 55.985 55.661l0.404 0.727c12.939 23.094 20.56 50.679 20.56 80.044 0 1.812-0.029 3.617-0.087 5.415l0.007-0.262c0.009 0.664 0.014 1.449 0.014 2.234 0 39.429-13.057 75.808-35.084 105.049l0.322-0.446c-25.578 32.633-59.256 57.809-98.044 72.658l-1.557 0.524z"
        ],
        "attrs": [
          {
            "fill": "rgb(159, 157, 157)"
          }
        ],
        "isMulticolor": false,
        "isMulticolor2": false,
        "grid": 0,
        "tags": [
          "skype-h"
        ],
        "colorPermutations": {
          "1141682211171171171159157157125525525519292921": [
            {
              "f": 3
            }
          ]
        }
      },
      "attrs": [
        {
          "fill": "rgb(159, 157, 157)"
        }
      ],
      "properties": {
        "order": 173,
        "id": 8,
        "name": "skype-h",
        "prevSize": 32,
        "code": 59664
      },
      "setIdx": 0,
      "setId": 7,
      "iconIdx": 16
    },
    {
      "icon": {
        "paths": [
          "M512 0c-282.77 0-512 229.23-512 512s229.23 512 512 512c282.77 0 512-229.23 512-512v0c0.004-0.705 0.006-1.539 0.006-2.374 0-281.462-228.17-509.632-509.632-509.632-0.835 0-1.669 0.002-2.503 0.006l0.129-0zM410.496 512c0 0.079 0 0.173 0 0.266 0 13.813-2.344 27.078-6.655 39.42l0.255-0.838 174.4 88c19.655-22.922 48.607-37.387 80.94-37.504l0.020-0c1.605-0.080 3.485-0.126 5.376-0.126 63.623 0 115.2 51.577 115.2 115.2s-51.577 115.2-115.2 115.2c-63.579 0-115.128-51.505-115.2-115.068l-0-0.007c0.038-6.333 0.572-12.512 1.565-18.537l-0.093 0.681-185.6-93.632c-17.663 13.803-40.171 22.152-64.627 22.208l-0.013 0c-63.623 0-115.2-51.577-115.2-115.2s51.577-115.2 115.2-115.2h-0c24.469 0.056 46.977 8.405 64.874 22.384l-0.234-0.176 185.6-93.632c-0.867-5.317-1.399-11.494-1.471-17.781l-0.001-0.075c2.912-58.36 50.938-104.576 109.76-104.576 60.689 0 109.888 49.199 109.888 109.888 0 60.667-49.162 109.851-109.82 109.888l-0.004 0c-32.357-0.161-61.3-14.642-80.839-37.424l-0.121-0.144-174.4 88c4.057 11.52 6.4 24.803 6.4 38.634 0 0.053-0 0.105-0 0.158l0-0.008z"
        ],
        "attrs": [
          {
            "fill": "rgb(159, 157, 157)"
          }
        ],
        "isMulticolor": false,
        "isMulticolor2": false,
        "grid": 0,
        "tags": [
          "social-h"
        ],
        "colorPermutations": {
          "1141682211171171171159157157125525525519292921": [
            {
              "f": 3
            }
          ]
        }
      },
      "attrs": [
        {
          "fill": "rgb(159, 157, 157)"
        }
      ],
      "properties": {
        "order": 174,
        "id": 7,
        "name": "social-h",
        "prevSize": 32,
        "code": 59665
      },
      "setIdx": 0,
      "setId": 7,
      "iconIdx": 17
    },
    {
      "icon": {
        "paths": [
          "M570.66 16.351l138.577 323.619 354.891 29.977c14.506 0.684 26.007 12.611 26.007 27.224 0 8.512-3.903 16.113-10.016 21.11l-0.049 0.039-269.183 230.281 80.666 342.015c0.402 1.779 0.633 3.822 0.633 5.918 0 15.465-12.537 28.002-28.002 28.002-5.288 0-10.233-1.466-14.452-4.013l0.126 0.070-304.815-181.908-305.020 181.908c-4.094 2.477-9.039 3.943-14.327 3.943-15.465 0-28.002-12.537-28.002-28.002 0-2.097 0.23-4.14 0.667-6.105l-0.035 0.186 80.666-342.015-269.183-230.281c-6.162-5.036-10.065-12.637-10.065-21.149 0-14.613 11.502-26.54 25.946-27.221l0.061-0.002 354.891-29.977 138.577-323.619c4.488-9.935 14.311-16.725 25.719-16.725s21.231 6.789 25.648 16.548l0.072 0.177z"
        ],
        "attrs": [
          {
            "fill": "rgb(255, 255, 255)"
          }
        ],
        "width": 1088,
        "isMulticolor": false,
        "isMulticolor2": false,
        "grid": 0,
        "tags": [
          "star-f"
        ],
        "colorPermutations": {
          "1141682211171171171159157157125525525519292921": [
            {
              "f": 4
            }
          ]
        }
      },
      "attrs": [
        {
          "fill": "rgb(255, 255, 255)"
        }
      ],
      "properties": {
        "order": 175,
        "id": 6,
        "name": "star-f",
        "prevSize": 32,
        "code": 59666
      },
      "setIdx": 0,
      "setId": 7,
      "iconIdx": 18
    },
    {
      "icon": {
        "paths": [
          "M17.28 491.008l250.88 101.12 96.64 337.408c3.175 12.903 14.645 22.323 28.316 22.323 7.299 0 13.97-2.685 19.080-7.121l-0.036 0.031 139.52-123.136c6.879-6.289 16.077-10.142 26.175-10.142 9.269 0 17.779 3.246 24.457 8.663l-0.072-0.057 252.16 197.824c4.854 3.682 10.997 5.899 17.657 5.899 14.715 0 26.903-10.819 29.043-24.936l0.020-0.163 184.32-960c0.59-2.243 0.929-4.818 0.929-7.472 0-16.86-13.668-30.528-30.528-30.528-3.612 0-7.078 0.627-10.294 1.779l0.213-0.067-1028.48 428.8c-11.446 5.296-19.243 16.681-19.243 29.888s7.798 24.592 19.041 29.804l0.203 0.084zM349.44 538.304l489.6-326.4c1.24-0.663 2.712-1.052 4.276-1.052 5.090 0 9.216 4.126 9.216 9.216 0 2.501-0.996 4.769-2.614 6.43l0.002-0.002-404.48 406.336c-13.987 14.234-23.489 32.918-26.19 53.735l-0.050 0.473-13.44 110.336c-0.852 6.316-6.209 11.135-12.691 11.135-5.768 0-10.645-3.815-12.245-9.060l-0.024-0.091-53.12-201.216c-1.124-4.207-1.77-9.036-1.77-14.017 0-18.809 9.21-35.467 23.365-45.71l0.165-0.113z"
        ],
        "attrs": [
          {
            "fill": "rgb(255, 255, 255)"
          }
        ],
        "width": 1086,
        "isMulticolor": false,
        "isMulticolor2": false,
        "grid": 0,
        "tags": [
          "telegram-h"
        ],
        "colorPermutations": {
          "1141682211171171171159157157125525525519292921": [
            {
              "f": 4
            }
          ]
        }
      },
      "attrs": [
        {
          "fill": "rgb(255, 255, 255)"
        }
      ],
      "properties": {
        "order": 176,
        "id": 5,
        "name": "telegram-h",
        "prevSize": 32,
        "code": 59667
      },
      "setIdx": 0,
      "setId": 7,
      "iconIdx": 19
    },
    {
      "icon": {
        "paths": [
          "M667.716 778.24l-9.079-77.414c-0.945-7.085-6.949-12.493-14.217-12.493-0.042 0-0.084 0-0.125 0.001l0.006-0h-196.403c-0.035-0-0.077-0-0.119-0-7.268 0-13.273 5.408-14.209 12.42l-0.008 0.073-9.011 77.414c-96.858 31.317-175.412 96.282-223.579 180.81l-1.018 1.94c-3.269 5.875-5.193 12.887-5.193 20.348 0 23.451 19.011 42.462 42.462 42.462 0.218 0 0.435-0.002 0.652-0.005l-0.033 0h616.585c0.184 0.003 0.401 0.005 0.619 0.005 23.451 0 42.462-19.011 42.462-42.462 0-7.461-1.924-14.473-5.304-20.565l0.111 0.217c-49.196-86.459-127.746-151.421-221.809-181.967l-2.788-0.783zM1090.97 241.186c-23.876-137.362-142.189-240.482-284.587-240.482-114.025 0-212.608 66.12-259.497 162.111l-0.753 1.707c-47.47-98.068-146.222-164.501-260.489-164.501-142.688 0-261.181 103.588-284.38 239.664l-0.24 1.705c-0.482 2.424-0.758 5.21-0.758 8.061 0 23.866 19.347 43.213 43.213 43.213 12.225 0 23.264-5.076 31.124-13.236l0.013-0.013c53.974-52.604 127.815-85.049 209.233-85.049 10.991 0 21.843 0.591 32.527 1.744l-1.325-0.116c-111.845 38.743-190.717 143.182-190.717 266.042 0 78.568 32.254 149.602 84.244 200.584l0.045 0.044c7.958 9.014 19.541 14.669 32.444 14.669 23.866 0 43.213-19.347 43.213-43.213 0-2.456-0.205-4.864-0.599-7.208l0.035 0.253c-1.628-11.749-2.558-25.324-2.558-39.117 0-129.546 82.010-239.938 196.945-282.092l2.085-0.669-33.109 282.624c-0.051 0.451-0.079 0.973-0.079 1.503 0 7.88 6.388 14.268 14.268 14.268 0.052 0 0.104-0 0.156-0.001l-0.008 0h169.916c0.044 0 0.096 0.001 0.148 0.001 7.88 0 14.268-6.388 14.268-14.268 0-0.529-0.029-1.052-0.085-1.566l0.006 0.064-33.109-282.556c117.020 42.655 199.067 152.965 199.067 282.437 0 13.883-0.943 27.545-2.769 40.927l0.174-1.556c-0.358 2.091-0.563 4.499-0.563 6.955 0 23.866 19.347 43.213 43.213 43.213 12.903 0 24.486-5.655 32.403-14.623l0.040-0.047c52.032-51.037 84.283-122.078 84.283-200.651 0-122.795-78.768-227.192-188.534-265.422l-1.972-0.598c9.319-1.028 20.124-1.614 31.067-1.614 81.394 0 155.211 32.441 209.227 85.098l-0.064-0.062c7.819 7.816 18.62 12.651 30.55 12.651 23.866 0 43.213-19.347 43.213-43.213 0-2.637-0.236-5.219-0.689-7.725l0.039 0.263z"
        ],
        "attrs": [
          {
            "fill": "rgb(255, 255, 255)"
          }
        ],
        "width": 1092,
        "isMulticolor": false,
        "isMulticolor2": false,
        "grid": 0,
        "tags": [
          "tree-m"
        ],
        "colorPermutations": {
          "1141682211171171171159157157125525525519292921": [
            {
              "f": 4
            }
          ]
        }
      },
      "attrs": [
        {
          "fill": "rgb(255, 255, 255)"
        }
      ],
      "properties": {
        "order": 177,
        "id": 4,
        "name": "tree-m",
        "prevSize": 32,
        "code": 59668
      },
      "setIdx": 0,
      "setId": 7,
      "iconIdx": 20
    },
    {
      "icon": {
        "paths": [
          "M512.801-0.32l-0.004 0c0.023-0 0.045-0 0.068-0 282.96 0 512.348 229.366 512.384 512.32l-0-0.017c0 0.113 0 0.225 0 0.338 0 283.124-229.517 512.641-512.641 512.641s-512.641-229.517-512.641-512.641c0-283.124 229.517-512.641 512.641-512.641 0.068 0 0.135 0 0.192 0zM866.011 327.449c-22.693 10.449-49.020 18.013-76.65 21.342l-1.271 0.125c28.088-17.044 49.181-43.218 59.355-74.333l0.272-0.962c-24.78 15.067-53.641 26.522-84.407 32.713l-1.717 0.288c-24.818-26.463-60.002-42.95-99.037-42.95-74.922 0-135.658 60.736-135.658 135.658 0 0.186 0 0.372 0.001 0.558l-0-0.029c-0 0.015-0 0.033-0 0.050 0 11.003 1.284 21.706 3.712 31.967l-0.187-0.939c-113.087-5.953-212.504-59.84-279.060-141.556l-0.554-0.702c-11.543 19.608-18.362 43.196-18.362 68.376 0 46.989 23.745 88.432 59.89 112.985l0.477 0.305c-22.67-0.655-43.753-6.872-62.11-17.326l0.657 0.344c0 0.641 0 1.282 0 1.602-0 0.048-0 0.105-0 0.162 0 65.571 46.335 120.319 108.049 133.289l0.887 0.156c-10.572 3.052-22.715 4.807-35.268 4.807-0.172 0-0.344-0-0.516-0.001l0.027 0c-9.088-0.031-17.94-0.963-26.495-2.71l0.863 0.147c17.679 54.496 67.51 93.407 126.589 94.516l0.129 0.002c-45.9 36.35-104.64 58.313-168.509 58.313-11.39 0-22.617-0.698-33.64-2.055l1.321 0.133c58.908 38.381 131.001 61.207 208.425 61.207 212.891 0 385.474-172.583 385.474-385.474 0-0.668-0.002-1.337-0.005-2.004l0 0.103c0-5.767 0-11.855-0.384-17.622 26.638-19.528 49.099-42.876 67.073-69.501l0.628-0.987z"
        ],
        "attrs": [
          {
            "fill": "rgb(255, 255, 255)"
          }
        ],
        "width": 1025,
        "isMulticolor": false,
        "isMulticolor2": false,
        "grid": 0,
        "tags": [
          "tw-f"
        ],
        "colorPermutations": {
          "1141682211171171171159157157125525525519292921": [
            {
              "f": 4
            }
          ]
        }
      },
      "attrs": [
        {
          "fill": "rgb(255, 255, 255)"
        }
      ],
      "properties": {
        "order": 178,
        "id": 3,
        "name": "tw-f",
        "prevSize": 32,
        "code": 59669
      },
      "setIdx": 0,
      "setId": 7,
      "iconIdx": 21
    },
    {
      "icon": {
        "paths": [
          "M3067.212 19.153h-206.168c-4.98-0.661-10.739-1.039-16.585-1.039-55.461 0-102.988 33.971-122.909 82.24l-0.323 0.883-396.193 909.082h280.454s45.694-122.442 56.022-149.12c30.713 0 302.959 0.684 342.017 0.684 8.003 34.202 32.423 148.436 32.423 148.436h247.415zM2738.123 658.041c22.026-56.775 106.299-277.034 106.299-277.034-1.436 2.736 21.821-57.459 35.57-94.397l18.059 85.504s51.029 236.676 61.563 285.927h-221.696zM2343.913 686.087c-2.052 205.894-184.279 338.597-464.733 338.597-0.963 0.004-2.102 0.006-3.241 0.006-105.605 0-206.698-19.318-299.938-54.613l5.829 1.936 37.554-222.311 34.202 15.733c68.878 32.967 149.719 52.225 235.057 52.225 5.717 0 11.414-0.086 17.089-0.258l-0.832 0.020c76.68 0 158.833-30.098 159.585-96.449 0.479-43.778-34.202-74.56-138.312-123.126-101.306-47.882-235.445-127.23-233.735-269.51 1.436-192.898 187.22-327.653 451.052-327.653 0.996-0.005 2.174-0.008 3.352-0.008 84.575 0 165.576 15.302 240.386 43.288l-4.737-1.553-36.049 214.787-24.146-10.945c-55.422-24.307-120.018-38.452-187.918-38.452-4.156 0-8.3 0.053-12.431 0.158l0.611-0.012c-104.384 0-152.95 44.462-152.95 85.504-0.479 46.514 56.57 77.296 149.94 123.126 154.25 70.456 225.389 156.644 224.363 269.51zM0 29.414l3.42-19.837h413.841c3.721-0.459 8.029-0.721 12.398-0.721 50.016 0 92.015 34.322 103.73 80.698l0.158 0.739 90.019 437.782c-88.309-229.152-301.317-419.997-623.566-498.661zM1206.637 18.469l-420.203 990.482h-282.37l-239.002-826.998c157.090 102.682 282.568 241.531 366.606 405.162l2.773 5.943 27.84 102.605 261.37-676.51 282.712-0.684zM1314.51 17.785h266.774l-166.973 991.85h-266.774z"
        ],
        "attrs": [
          {
            "fill": "rgb(117, 117, 117)"
          }
        ],
        "width": 3283,
        "isMulticolor": false,
        "isMulticolor2": false,
        "grid": 0,
        "tags": [
          "visa-f"
        ],
        "colorPermutations": {
          "1141682211171171171159157157125525525519292921": [
            {
              "f": 2
            }
          ]
        }
      },
      "attrs": [
        {
          "fill": "rgb(117, 117, 117)"
        }
      ],
      "properties": {
        "order": 179,
        "id": 2,
        "name": "visa-f",
        "prevSize": 32,
        "code": 59670
      },
      "setIdx": 0,
      "setId": 7,
      "iconIdx": 22
    },
    {
      "icon": {
        "paths": [
          "M512 0c-282.77 0-512 229.23-512 512s229.23 512 512 512c282.77 0 512-229.23 512-512v0c0-282.77-229.23-512-512-512v0zM771.712 567.36c24.903 22.568 47.879 45.645 69.629 69.848l0.771 0.872c9.237 10.696 17.603 22.643 24.694 35.395l0.554 1.085c3.038 4.202 4.859 9.459 4.859 15.14 0 12.543-8.877 23.013-20.69 25.47l-0.169 0.029h-104.864c-1.825 0.146-3.951 0.23-6.096 0.23-24.154 0-45.838-10.573-60.677-27.344l-0.075-0.086c-14.496-14.72-27.968-30.4-41.92-45.76-5.545-6.387-11.742-11.974-18.554-16.744l-0.326-0.216c-3.835-3.387-8.905-5.455-14.458-5.455-9.287 0-17.223 5.784-20.403 13.946l-0.051 0.149c-6.987 13.997-11.077 30.491-11.077 47.94 0 0.359 0.002 0.717 0.005 1.075l-0-0.055c0.3 1.534 0.471 3.299 0.471 5.103 0 15.393-12.479 27.872-27.872 27.872-2.129 0-4.202-0.239-6.194-0.691l0.187 0.036c-6.372 0.542-13.789 0.85-21.278 0.85-47.263 0-91.653-12.296-130.148-33.863l1.346 0.693c-40.435-24.569-74.117-56.139-100.324-93.351l-0.7-1.049c-49.183-68.464-93.669-146.402-129.74-228.861l-3.22-8.259c-8.384-18.56-2.24-28.8 18.368-29.12q51.36-0.96 102.688 0c13.37 0.255 24.61 9.095 28.453 21.224l0.059 0.216c19.963 49.305 43.325 91.765 70.961 130.997l-1.361-2.037c7.148 11.279 15.892 20.817 26.045 28.609l0.259 0.191c2.909 2.98 6.965 4.828 11.454 4.828 7.714 0 14.153-5.459 15.664-12.724l0.018-0.104c3.265-7.902 5.43-17.054 6.035-26.63l0.013-0.25c1.291-12.098 2.027-26.134 2.027-40.341 0-19.178-1.342-38.043-3.936-56.505l0.245 2.126c-1.385-18.624-15.396-33.598-33.438-36.451l-0.226-0.029c-10.016-1.92-8.576-5.44-3.68-11.2 6.888-9.742 18.108-16.026 30.795-16.026 0.491 0 0.981 0.009 1.467 0.028l-0.070-0.002h118.4c14.382 1.386 25.536 13.409 25.536 28.037 0 0.945-0.047 1.878-0.137 2.799l0.009-0.117v131.84c-0.029 0.557-0.045 1.208-0.045 1.864 0 13.134 6.594 24.728 16.652 31.652l0.129 0.084c1.079 0.18 2.323 0.283 3.591 0.283 8.581 0 16.062-4.711 19.998-11.688l0.059-0.115c26.253-29.541 48.6-63.389 65.716-100.164l1.068-2.556c8-16.32 14.912-32.96 21.632-49.92 3.112-10.685 12.817-18.361 24.315-18.361 0.87 0 1.729 0.044 2.576 0.13l-0.107-0.009h114.112c0.504-0.017 1.095-0.027 1.69-0.027 2.974 0 5.891 0.242 8.732 0.709l-0.31-0.042c0.563-0.057 1.217-0.089 1.879-0.089 10.94 0 19.808 8.868 19.808 19.808 0 3.966-1.166 7.661-3.174 10.759l0.047-0.077c-11.631 30.155-26.943 56.19-45.781 79.231l0.405-0.511c-19.040 26.24-39.392 51.52-58.272 78.080-7.252 6.599-11.787 16.076-11.787 26.612 0 13.138 7.050 24.629 17.574 30.897l0.165 0.091z"
        ],
        "attrs": [
          {
            "fill": "rgb(255, 255, 255)"
          }
        ],
        "isMulticolor": false,
        "isMulticolor2": false,
        "grid": 0,
        "tags": [
          "vk-f"
        ],
        "colorPermutations": {
          "1141682211171171171159157157125525525519292921": [
            {
              "f": 4
            }
          ]
        }
      },
      "attrs": [
        {
          "fill": "rgb(255, 255, 255)"
        }
      ],
      "properties": {
        "order": 156,
        "id": 1,
        "name": "vk-f",
        "prevSize": 32,
        "code": 59671
      },
      "setIdx": 0,
      "setId": 7,
      "iconIdx": 23
    },
    {
      "icon": {
        "paths": [
          "M512 0c-282.77 0-512 229.23-512 512s229.23 512 512 512c282.77 0 512-229.23 512-512v0c0-282.77-229.23-512-512-512v0zM771.677 567.296c24.908 22.684 47.936 45.844 69.777 70.095l0.786 0.887c9.327 10.654 17.693 22.583 24.705 35.359l0.523 1.039c3.035 4.206 4.854 9.465 4.854 15.149 0 12.538-8.853 23.009-20.649 25.502l-0.17 0.030h-104.867c-1.785 0.14-3.864 0.219-5.963 0.219-24.182 0-45.893-10.58-60.756-27.363l-0.074-0.085c-14.522-14.801-27.927-30.534-41.891-45.801-5.533-6.348-11.738-11.888-18.566-16.587l-0.332-0.216c-3.842-3.417-8.932-5.504-14.509-5.504-9.24 0-17.142 5.728-20.348 13.827l-0.052 0.148c-6.991 14.021-11.082 30.541-11.082 48.017 0 0.334 0.001 0.667 0.004 1l-0-0.051c0.324 1.596 0.509 3.43 0.509 5.307 0 15.424-12.503 27.927-27.927 27.927-2.127 0-4.198-0.238-6.188-0.688l0.187 0.036c-6.215 0.511-13.453 0.802-20.758 0.802-47.424 0-91.982-12.268-130.675-33.805l1.371 0.7c-40.448-24.606-74.128-56.238-100.3-93.523l-0.703-1.057c-49.268-68.441-93.765-146.347-129.786-228.804l-3.195-8.205c-8.378-18.618-2.234-28.672 18.385-29.044 34.211-0.698 68.422-0.605 102.679 0 13.371 0.167 24.634 9.010 28.428 21.151l0.058 0.214c19.957 49.282 43.393 91.735 71.15 130.911l-1.331-1.98c7.136 11.322 15.879 20.895 26.042 28.715l0.256 0.189c2.904 3.040 6.99 4.93 11.517 4.93 7.703 0 14.129-5.472 15.601-12.741l0.017-0.102c3.267-7.979 5.433-17.22 6.038-26.884l0.013-0.252c1.274-12.071 2.001-26.078 2.001-40.255 0-19.224-1.336-38.136-3.921-56.648l0.244 2.137c-1.42-18.561-15.454-33.455-33.48-36.185l-0.219-0.027c-10.007-1.908-8.518-5.585-3.677-11.311 6.938-9.75 18.198-16.033 30.925-16.033 0.452 0 0.901 0.008 1.349 0.024l-0.065-0.002h118.505c14.391 1.404 25.546 13.439 25.546 28.081 0 0.962-0.048 1.913-0.142 2.85l0.010-0.118v131.724c-0.027 0.541-0.043 1.175-0.043 1.813 0 13.158 6.578 24.78 16.625 31.756l0.127 0.084c1.028 0.161 2.213 0.253 3.419 0.253 8.652 0 16.202-4.721 20.212-11.728l0.060-0.114c26.308-29.495 48.663-63.321 65.736-100.097l1.057-2.536c8.006-16.198 14.895-33.001 21.597-49.897 3.168-10.739 12.939-18.443 24.509-18.443 0.81 0 1.611 0.038 2.402 0.112l-0.101-0.008h114.083c0.51-0.017 1.109-0.026 1.71-0.026 2.961 0 5.869 0.229 8.706 0.672l-0.315-0.040c0.587-0.062 1.267-0.097 1.956-0.097 10.925 0 19.782 8.857 19.782 19.782 0 3.959-1.163 7.647-3.167 10.74l0.047-0.077c-11.607 30.121-26.924 56.124-45.779 79.114l0.397-0.499c-19.037 26.391-39.377 51.759-58.228 78.243-7.311 6.573-11.889 16.062-11.889 26.62 0 12.904 6.837 24.21 17.086 30.495l0.156 0.089z"
        ],
        "attrs": [
          {
            "fill": "rgb(255, 255, 255)"
          }
        ],
        "isMulticolor": false,
        "isMulticolor2": false,
        "grid": 0,
        "tags": [
          "vk-h"
        ],
        "colorPermutations": {
          "1141682211171171171159157157125525525519292921": [
            {
              "f": 4
            }
          ]
        }
      },
      "attrs": [
        {
          "fill": "rgb(255, 255, 255)"
        }
      ],
      "properties": {
        "order": 155,
        "id": 0,
        "name": "vk-h",
        "prevSize": 32,
        "code": 59672
      },
      "setIdx": 0,
      "setId": 7,
      "iconIdx": 24
    },
    {
      "icon": {
        "paths": [
          "M665.832 327.048l-64.952-64.922-324.81 324.742c-53.814 53.792-53.814 141.048 0 194.844 53.804 53.792 141.060 53.792 194.874 0l389.772-389.708c89.714-89.662 89.714-235.062 0-324.726-89.666-89.704-235.112-89.704-324.782 0l-409.23 409.178c-0.29 0.304-0.612 0.576-0.876 0.846-125.102 125.096-125.102 327.856 0 452.906 125.054 125.056 327.868 125.056 452.988 0 0.274-0.274 0.516-0.568 0.82-0.876l0.032 0.034 279.332-279.292-64.986-64.92-279.33 279.262c-0.296 0.268-0.564 0.57-0.846 0.844-89.074 89.058-233.98 89.058-323.076 0-89.062-89.042-89.062-233.922 0-322.978 0.304-0.304 0.604-0.582 0.888-0.846l-0.046-0.060 409.28-409.166c53.712-53.738 141.144-53.738 194.886 0 53.712 53.734 53.712 141.148 0 194.84l-389.772 389.7c-17.936 17.922-47.054 17.922-64.972 0-17.894-17.886-17.894-47.032 0-64.92l324.806-324.782z"
        ],
        "attrs": [],
        "isMulticolor": false,
        "isMulticolor2": false,
        "tags": [
          "attachment",
          "paperclip"
        ],
        "defaultCode": 59853,
        "grid": 16
      },
      "attrs": [],
      "properties": {
        "ligatures": "attachment, paperclip",
        "name": "attachment",
        "id": 205,
        "order": 133,
        "prevSize": 32,
        "code": 59853
      },
      "setIdx": 4,
      "setId": 3,
      "iconIdx": 205
    }
  ],
  "height": 1024,
  "metadata": {
    "name": "icomoon"
  },
  "preferences": {
    "showGlyphs": true,
    "showQuickUse": true,
    "showQuickUse2": true,
    "showSVGs": true,
    "fontPref": {
      "prefix": "icon-",
      "metadata": {
        "fontFamily": "icomoon"
      },
      "metrics": {
        "emSize": 1024,
        "baseline": 6.25,
        "whitespace": 50
      },
      "embed": false
    },
    "imagePref": {
      "prefix": "icon-",
      "png": true,
      "useClassSelector": true,
      "color": 0,
      "bgColor": 16777215,
      "classSelector": ".icon"
    },
    "historySize": 50,
    "showCodes": true,
    "gridSize": 16
  }
}